423,2024-01-01,交通費,11:00,青梅街道営業所-大泉学園,220
424,2024-01-01,交通費,11:30,大泉学園-東久留米,188
425,2024-01-01,お賽銭,12:45,清瀬市中清戸,10
426,2024-01-01,お賽銭,14:25,東村山市秋津町,10
427,2024-01-01,交通費,15:00,所沢-上石神井,282
428,2024-01-01,食費,16:24,関町,1499
429,2024-01-02,お賽銭,15:00,井草八幡宮,300
430,2024-01-02,お賽銭,15:00,井草八幡宮,100
431,2024-01-03,交際費,11:00,まなみさんお年玉,3000
432,2024-01-03,雑費,14:22,吉祥寺,1422
433,2024-01-03,食費,15:24,関町,1409
434,2024-01-04,国民年金基金,00:00,国民年金基金,26625
435,2024-01-04,交通費,08:00,関町-吉祥寺,220
436,2024-01-04,遊興費,09:30,武蔵野七福神めぐり,2000
437,2024-01-04,お賽銭,10:18,武蔵野市,10
439,2024-01-04,お賽銭,10:52,武蔵野市,10
438,2024-01-04,お賽銭,10:52,武蔵野市,10
440,2024-01-04,お賽銭,11:31,武蔵野市,10
441,2024-01-04,お賽銭,11:43,武蔵野市,10
446,2024-01-04,お賽銭,12:03,武蔵野市,10
442,2024-01-04,交通費,18:00,上石神井-高田馬場,220
443,2024-01-04,交通費,18:30,高田馬場-西船橋,293
444,2024-01-04,食費,19:35,二子町,790
445,2024-01-04,住居費,20:00,住居費,67000
447,2024-01-05,投資,00:00,投資,3333
448,2024-01-05,クレジット,00:00,クレジット,333
449,2024-01-06,美容費,11:00,船橋,2200
450,2024-01-06,お賽銭,11:20,船橋大神宮,100
451,2024-01-06,お賽銭,11:25,船橋大神宮,100
452,2024-01-06,食費,18:00,二子町,3065
453,2024-01-07,通信費,08:00,西船橋,204
454,2024-01-07,交通費,08:20,西船橋-横浜,602
455,2024-01-07,食費,10:30,横浜,106
456,2024-01-07,交通費,15:00,横浜-西船橋,602
457,2024-01-08,プラス,00:00,プラス,-1
458,2024-01-08,お賽銭,17:50,下総中山,10
459,2024-01-08,交際費,18:00,下総中山,1814
460,2024-01-09,水道光熱費,00:00,水道光熱費,2392
461,2024-01-09,共済代,00:00,共済代,3000
462,2024-01-09,交通費,07:50,西船橋-新橋,293
463,2024-01-09,交通費,09:00,新橋-品川,167
464,2024-01-09,交通費,18:30,品川-日本橋,370
465,2024-01-09,交通費,19:00,日本橋-西船橋,182
466,2024-01-10,住居費,19:00,住居費,67000
467,2024-01-12,食費,00:00,牛乳代,2125
468,2024-01-13,税金,07:25,税金,112300
469,2024-01-13,税金,07:25,税金,89600
470,2024-01-13,交通費,07:50,京成西船-成田,545
471,2024-01-13,お賽銭,09:03,成田,10
472,2024-01-13,お賽銭,09:09,成田,100
473,2024-01-13,お賽銭,09:11,成田,300
474,2024-01-13,お賽銭,09:12,成田,100
475,2024-01-13,交通費,10:50,成田-東中山,545
476,2024-01-13,食費,12:09,二子町,908
477,2024-01-15,収入,00:00,teraz,-650000
478,2024-01-16,プラス,00:00,プラス,-10000
479,2024-01-16,水道光熱費,00:00,水道光熱費,2922
480,2024-01-19,投資,00:00,投資,30000
481,2024-01-20,交通費,11:00,京成西船-国府台,189
482,2024-01-20,お賽銭,11:52,葛西神社,100
483,2024-01-20,交通費,12:10,金町-小岩,220
484,2024-01-20,交通費,12:40,小岩-下総中山,178
485,2024-01-21,交通費,08:20,西船橋-横浜,602
486,2024-01-21,食費,10:30,横浜,213
487,2024-01-21,プラス,11:00,プラス,-2000
488,2024-01-21,交際費,11:00,交際費,2000
489,2024-01-21,交通費,14:45,横浜-西船橋,602
490,2024-01-22,食費,00:00,弁当代,9450
491,2024-01-22,交通費,07:45,西船橋-新富町,293
492,2024-01-22,お賽銭,09:00,新富町,10
493,2024-01-22,食費,12:40,新富町,1100
494,2024-01-22,食費,19:00,茅場町,143
495,2024-01-22,交通費,19:05,茅場町-西船橋,252
496,2024-01-25,投資,00:00,投資,10000
497,2024-01-27,雑費,10:30,船橋,220
498,2024-01-27,食費,12:30,西船橋,140
499,2024-01-28,交通費,08:20,西船橋-横浜,602
500,2024-01-28,食費,10:30,横浜,278
501,2024-01-28,プラス,11:00,プラス,-2000
502,2024-01-28,食費,14:30,横浜,990
503,2024-01-28,交通費,14:45,横浜-西船橋,602
508,2024-01-29,保険料,00:00,保険料,3787
507,2024-01-29,年金保険,00:00,年金保険,55880
506,2024-01-29,クレジット,00:00,クレジット,18104
505,2024-01-29,クレジット,00:00,クレジット,127413
504,2024-01-29,クレジット,00:00,クレジット,33499
509,2024-01-30,手数料,19:00,手数料,220
510,2024-01-31,国民健康保険,00:00,国民健康保険,51100
511,2024-01-31,交通費,07:55,西船橋-新富町,293
512,2024-01-31,お賽銭,09:05,新富町,10
513,2024-01-31,交通費,19:00,茅場町-西船橋,252
514,2024-01-31,支払い,19:45,西船橋,1600
347,2024-02-01,国民年金基金,00:00,国民年金基金,26625
349,2024-02-01,支払い,19:00,アイアールシー,16500
348,2024-02-01,手数料,19:00,手数料,154
350,2024-02-02,住居費,08:00,住居費,23100
302,2024-02-03,投資,00:00,投資,3333
303,2024-02-03,交通費,09:50,西船橋-駒込,293
304,2024-02-03,お賽銭,10:48,駒込,5
305,2024-02-03,お賽銭,10:57,駒込,5
306,2024-02-03,お賽銭,11:06,駒込,5
307,2024-02-03,お賽銭,11:36,本駒込,10
308,2024-02-03,お賽銭,12:40,田端,10
309,2024-02-03,お賽銭,13:09,西日暮里,10
310,2024-02-03,お賽銭,13:45,浅草,200
311,2024-02-03,お賽銭,16:00,浅草,500
312,2024-02-03,お賽銭,16:17,浅草,10
313,2024-02-03,お賽銭,16:22,浅草,10
314,2024-02-03,交通費,17:30,錦糸町-下総中山,230
315,2024-02-04,交通費,08:20,西船橋-横浜,602
316,2024-02-04,食費,10:30,横浜,278
317,2024-02-04,交通費,14:45,横浜-西船橋,602
318,2024-02-04,食費,17:18,西船橋,744
319,2024-02-05,クレジット,00:00,クレジット,333
320,2024-02-06,水道光熱費,00:00,水道光熱費,2392
321,2024-02-07,交通費,07:45,西船橋-新橋,293
322,2024-02-07,交通費,08:40,新橋-品川,167
323,2024-02-07,交通費,18:30,品川-新橋,167
324,2024-02-07,食費,19:00,新橋,2000
325,2024-02-07,遊興費,20:00,新橋,1000
326,2024-02-07,交際費,21:00,新橋,6724
327,2024-02-07,交通費,21:30,新橋-西船橋,406
328,2024-02-08,共済代,00:00,共済代,3000
329,2024-02-10,プラス,09:00,プラス,-2001
330,2024-02-10,水道光熱費,10:00,二子町,2665
331,2024-02-10,プラス,15:00,二子町,-12000
332,2024-02-10,食費,16:00,西船橋,4573
333,2024-02-10,交際費,16:00,西船橋,4572
334,2024-02-10,交通費,16:05,西船橋-高田馬場,293
335,2024-02-10,交通費,16:50,高田馬場-上石神井,220
336,2024-02-10,プラス,21:00,プラス,-334
337,2024-02-12,プラス,10:00,プラス,-10000
338,2024-02-12,お賽銭,13:05,田無,10
339,2024-02-12,お賽銭,13:10,田無,700
340,2024-02-12,お賽銭,13:15,田無,200
341,2024-02-12,お賽銭,14:16,田無,10
342,2024-02-12,お賽銭,14:21,田無,10
343,2024-02-12,お賽銭,14:39,田無,10
344,2024-02-12,お賽銭,14:53,田無,10
345,2024-02-12,交通費,15:07,田無-上石神井,188
346,2024-02-12,食費,15:22,上石神井,643
351,2024-02-13,食費,00:00,牛乳代,2656
352,2024-02-14,プラス,00:00,プラス,-15000
353,2024-02-14,交通費,15:30,上石神井-高田馬場,220
354,2024-02-14,交通費,16:00,高田馬場-飯田橋,178
355,2024-02-14,交通費,16:30,飯田橋-麹町,31
356,2024-02-14,交通費,21:00,市ヶ谷- 荻窪,230
357,2024-02-14,食費,21:40,荻窪,720
358,2024-02-14,交通費,22:00,荻窪-青梅街道営業所,220
360,2024-02-15,収入,00:00,ココナラエージェント,-606980
359,2024-02-15,プラス,00:00,プラス,-1000
361,2024-02-15,雑費,20:20,関町,360
362,2024-02-15,雑費,20:40,関町,150
363,2024-02-15,お使い,21:00,関町,724
364,2024-02-17,投資,00:00,投資,30000
365,2024-02-17,プラス,00:00,プラス,-7
366,2024-02-17,不明,00:00,不明,100
367,2024-02-17,雑費,08:30,雑費,12430
368,2024-02-17,交通費,10:00,吉祥寺-明大前,188
369,2024-02-17,お賽銭,10:43,明大前,10
370,2024-02-17,お賽銭,11:00,永福町,10
371,2024-02-17,お賽銭,11:14,杉並区和泉,10
372,2024-02-17,お賽銭,11:33,杉並大宮八幡宮,100
373,2024-02-17,お賽銭,12:05,下高井戸,10
374,2024-02-17,交通費,12:30,浜田山-吉祥寺,160
375,2024-02-17,食費,13:00,吉祥寺,1050
376,2024-02-17,食費,13:30,吉祥寺,882
377,2024-02-18,プラス,00:00,プラス,-10000
378,2024-02-18,交通費,09:00,吉祥寺-渋谷,230
379,2024-02-18,交通費,09:30,渋谷-横浜,309
380,2024-02-18,交通費,15:00,横浜-渋谷,309
381,2024-02-18,交通費,15:40,渋谷-吉祥寺,230
382,2024-02-18,食費,17:00,吉祥寺,128
383,2024-02-19,利息,00:00,みずほ銀行,-1
384,2024-02-19,利息,00:00,三井住友銀行,-1
385,2024-02-19,利息,00:00,三菱UFJ銀行,-22
386,2024-02-20,食費,00:00,弁当代,12640
387,2024-02-21,手数料,19:00,手数料,220
388,2024-02-23,プラス,00:00,プラス,-400
389,2024-02-23,プラス,00:00,プラス,-3808
391,2024-02-23,交際費,12:00,上石神井,5000
390,2024-02-23,お使い,12:14,上石神井,2894
392,2024-02-23,食費,12:23,上石神井,835
393,2024-02-23,お使い,17:18,関町,581
394,2024-02-23,お使い,17:25,関町,789
395,2024-02-24,お賽銭,09:44,荻窪八幡宮,10
396,2024-02-24,お賽銭,10:07,井草八幡宮,200
397,2024-02-24,お賽銭,10:07,井草八幡宮,10
398,2024-02-24,交通費,13:30,青梅街道営業所-成増,220
399,2024-02-24,交通費,14:30,成増-和光市,178
400,2024-02-24,医療費,15:00,和光市,6890
401,2024-02-24,交通費,16:30,和光市-成増,178
402,2024-02-24,交通費,17:30,成増-青梅街道営業所,220
403,2024-02-25,交通費,09:00,吉祥寺-渋谷,230
404,2024-02-25,交通費,09:30,渋谷-横浜,309
405,2024-02-25,交通費,15:45,横浜-渋谷,309
406,2024-02-25,交通費,16:15,渋谷-吉祥寺,230
407,2024-02-25,食費,16:39,吉祥寺,2220
408,2024-02-26,投資,00:00,投資,10000
409,2024-02-27,クレジット,00:00,クレジット,29600
410,2024-02-27,年金保険,00:00,年金保険,55880
411,2024-02-27,保険料,00:00,保険料,3787
412,2024-02-27,クレジット,00:00,クレジット,17537
413,2024-02-27,クレジット,00:00,クレジット,132393
414,2024-02-27,手数料,19:00,手数料,154
415,2024-02-27,支払い,19:00,アイアールシー,16500
416,2024-02-29,国民健康保険,00:00,国民健康保険,16940
190,2024-03-01,国民年金基金,00:00,国民年金基金,26625
191,2024-03-02,雑費,11:30,雑費,5000
192,2024-03-02,食費,12:00,西荻窪,980
193,2024-03-02,お賽銭,12:20,西荻窪,10
194,2024-03-02,お賽銭,12:41,宮前,10
195,2024-03-03,交通費,09:00,吉祥寺-渋谷,230
196,2024-03-03,交通費,09:30,渋谷-横浜,309
197,2024-03-03,食費,14:30,横浜,990
198,2024-03-03,交通費,15:00,横浜-渋谷,309
199,2024-03-03,交通費,15:40,渋谷-吉祥寺,230
200,2024-03-03,食費,17:00,吉祥寺,2109
201,2024-03-03,交際費,17:05,吉祥寺,5000
202,2024-03-03,雑費,17:05,吉祥寺,300
204,2024-03-05,クレジット,00:00,クレジット,333
203,2024-03-05,投資,00:00,投資,3333
205,2024-03-05,交通費,07:40,上石神井-高田馬場,220
206,2024-03-05,交通費,08:20,高田馬場-品川,208
207,2024-03-05,交通費,18:20,品川-高田馬場,208
208,2024-03-05,交通費,19:00,高田馬場-上石神井,220
209,2024-03-08,共済代,00:00,共済代,3000
210,2024-03-09,食費,12:30,吉祥寺,1030
211,2024-03-09,食費,12:50,吉祥寺,268
212,2024-03-09,お賽銭,14:11,下連雀,10
213,2024-03-09,お賽銭,14:26,西牟礼,10
214,2024-03-09,お賽銭,14:34,牟礼,10
215,2024-03-09,お賽銭,15:13,吉祥寺,10
216,2024-03-09,お使い,16:48,関町,979
217,2024-03-09,プラス,17:00,プラス,-1000
218,2024-03-10,交通費,09:00,吉祥寺-渋谷,230
219,2024-03-10,交通費,09:30,渋谷-横浜,309
220,2024-03-10,雑費,15:30,三ツ沢公園,100
221,2024-03-10,教育費,16:30,三ツ沢公園,4000
222,2024-03-10,交通費,17:00,三ツ沢公園自由広場-横浜,220
223,2024-03-10,交通費,17:20,横浜-渋谷,309
224,2024-03-10,交通費,18:00,渋谷-吉祥寺,230
225,2024-03-11,交通費,07:40,上石神井-高田馬場,220
226,2024-03-11,交通費,08:20,高田馬場-品川,208
227,2024-03-11,交通費,18:20,品川-高田馬場,208
228,2024-03-11,交通費,19:00,高田馬場-上石神井,220
229,2024-03-11,食費,19:12,上石神井,1323
230,2024-03-12,楽天キャッシュ,00:00,楽天キャッシュ,-30000
1951,2024-03-13,楽天キャッシュ,00:00,楽天キャッシュ,-821
1952,2024-03-13,楽天キャッシュ,00:00,楽天キャッシュ,-24
1950,2024-03-13,楽天キャッシュ,00:00,楽天キャッシュ,-176
1953,2024-03-15,収入,00:00,ココナラエージェント,-682000
1959,2024-03-15,楽天キャッシュ,00:00,楽天キャッシュ,-38
1954,2024-03-15,交通費,07:40,上石神井-高田馬場,220
1955,2024-03-15,交通費,08:20,高田馬場-品川,208
1956,2024-03-15,交通費,19:30,品川-高田馬場,208
1958,2024-03-15,税金,20:30,住民税,90200
1957,2024-03-15,交通費,20:30,高田馬場-上石神井,220
1960,2024-03-16,プラス,11:00,プラス,-70000
1961,2024-03-16,交通費,12:00,青梅街道営業所-成増,220
1962,2024-03-16,交通費,13:00,成増-和光市,178
1963,2024-03-16,プラス,14:00,和光市,-4820
1964,2024-03-16,医療費,14:05,和光市,77000
1965,2024-03-16,交通費,16:05,旭町-関町南二丁目,220
1966,2024-03-16,食費,16:52,関町,1609
1967,2024-03-16,西友,20:00,楽天キャッシュ,4656
1974,2024-03-17,楽天キャッシュ,00:00,楽天キャッシュ,-3597
1968,2024-03-17,税金,08:40,吉祥寺,100405
1969,2024-03-17,交通費,09:00,吉祥寺-渋谷,230
1970,2024-03-17,交通費,09:30,渋谷-横浜,309
1971,2024-03-17,交通費,16:00,横浜-渋谷,309
1972,2024-03-17,交通費,16:30,渋谷-吉祥寺,230
1973,2024-03-17,プラス,18:00,プラス,-21
251,2024-03-18,水道光熱費,00:00,水道光熱費,683
250,2024-03-18,水道光熱費,00:00,水道光熱費,3016
252,2024-03-19,投資,00:00,投資,30000
259,2024-03-20,不明,00:00,不明,20
253,2024-03-20,美容費,10:30,上石神井,2200
254,2024-03-20,交通費,13:00,青梅街道営業所-八丁,220
256,2024-03-20,交際費,17:00,荻窪,5313
255,2024-03-20,食費,17:00,荻窪,5313
257,2024-03-20,交通費,17:10,荻窪-青梅街道営業所,220
258,2024-03-20,食費,17:43,上石神井,1451
260,2024-03-21,食費,00:00,弁当代,3150
262,2024-03-21,支払い,09:00,アイアールシー,16500
261,2024-03-21,手数料,09:00,手数料,154
1975,2024-03-23,西友,20:00,楽天キャッシュ,8416
1985,2024-03-24,楽天キャッシュ,00:00,楽天キャッシュ,-8416
1976,2024-03-24,交通費,08:51,吉祥寺-渋谷,230
1977,2024-03-24,交通費,09:15,渋谷-品川,178
1978,2024-03-24,交通費,09:30,品川-京急蒲田,228
1979,2024-03-24,遊興費,10:10,京急蒲田,3000
1980,2024-03-24,交際費,16:00,京急蒲田,4000
1981,2024-03-24,交通費,16:10,京急蒲田-品川,228
1982,2024-03-24,交通費,16:25,品川-高田馬場,208
1983,2024-03-24,交通費,16:50,高田馬場-上石神井,220
1984,2024-03-24,食費,17:23,上石神井,2006
1986,2024-03-25,投資,00:00,投資,10000
1987,2024-03-25,楽天キャッシュ,00:00,楽天キャッシュ,-40
272,2024-03-26,手数料,00:00,手数料,220
273,2024-03-27,年金保険,00:00,年金保険,55880
274,2024-03-27,保険料,00:00,保険料,3787
275,2024-03-27,クレジット,00:00,クレジット,17789
277,2024-03-27,クレジット,00:00,クレジット,124960
276,2024-03-27,クレジット,00:00,クレジット,15447
278,2024-03-27,交際費,08:00,まなみさん誕生日,5000
286,2024-03-30,プラス,00:00,プラス,-230000
287,2024-03-30,交通費,13:00,青梅街道営業所-成増,220
288,2024-03-30,交通費,14:00,成増-和光市,178
289,2024-03-30,食費,14:30,和光市,149
290,2024-03-30,医療費,15:00,和光市,212200
291,2024-03-30,医療費,17:30,和光市,700
292,2024-03-30,交通費,17:40,和光市-成増,178
293,2024-03-30,交通費,18:00,成増-青梅街道営業所,220
515,2024-03-31,プラス,00:00,プラス,-10000
516,2024-03-31,利息,00:00,利息,-80
517,2024-03-31,交通費,15:00,青梅街道営業所-成増,220
518,2024-03-31,交通費,16:00,成増-和光市,178
519,2024-03-31,通信費,16:34,切手代,204
520,2024-03-31,交通費,17:40,和光市-成増,178
521,2024-03-31,交通費,18:00,成増-青梅街道営業所,220
88,2024-04-01,国民年金基金,00:00,国民年金基金,26625
1988,2024-04-02,楽天キャッシュ,00:00,楽天キャッシュ,-3
1989,2024-04-02,楽天キャッシュ,00:00,楽天キャッシュ,-1
1990,2024-04-02,楽天キャッシュ,00:00,楽天キャッシュ,-72
89,2024-04-05,クレジット,00:00,クレジット,3028
90,2024-04-05,投資,00:00,投資,3333
1991,2024-04-06,医療費,10:27,上石神井,3560
1992,2024-04-06,お賽銭,11:45,和光市,10
1993,2024-04-06,雑費,12:54,和光市,320
1994,2024-04-06,食費,13:10,和光市,1230
1995,2024-04-06,交通費,15:40,和光市-成増,178
1996,2024-04-06,交通費,16:15,成増-関町南二丁目,220
1997,2024-04-06,食費,17:11,関町,814
1998,2024-04-06,西友,20:00,楽天キャッシュ,4791
2005,2024-04-07,楽天キャッシュ,00:00,楽天キャッシュ,-4675
1999,2024-04-07,交通費,09:00,吉祥寺-渋谷,230
2000,2024-04-07,交通費,09:30,渋谷-横浜,309
2001,2024-04-07,食費,16:00,横浜,2000
2002,2024-04-07,交通費,16:10,横浜-渋谷,309
2003,2024-04-07,交通費,16:50,渋谷-吉祥寺,230
2004,2024-04-07,食費,17:20,吉祥寺,1409
2006,2024-04-08,共済代,00:00,共済代,3000
2007,2024-04-08,楽天キャッシュ,00:00,楽天キャッシュ,-35
105,2024-04-09,支払い,08:00,アイアールシー,16500
106,2024-04-09,手数料,08:00,手数料,154
2019,2024-04-13,楽天キャッシュ,00:00,楽天キャッシュ,-102
2008,2024-04-13,不明,00:00,不明,10
2011,2024-04-13,楽天キャッシュ,00:00,楽天キャッシュ,-1431
2009,2024-04-13,食費,12:30,和光市,1260
2010,2024-04-13,交通費,12:40,和光市-錦糸町,293
2017,2024-04-13,楽天キャッシュ,14:00,楽天キャッシュ,681
2018,2024-04-13,交通費,18:00,錦糸町-新橋,178
2012,2024-04-13,交際費,21:35,日下部　新橋,6212
2013,2024-04-13,プラス,21:35,ペイペイ,-6212
2014,2024-04-13,プラス,21:35,日下部,-8000
2015,2024-04-13,交通費,21:45,新橋-荻窪,252
2016,2024-04-13,交通費,22:20,荻窪-青梅街道営業所,220
2034,2024-04-14,楽天キャッシュ,00:00,楽天キャッシュ,-6
2033,2024-04-14,楽天キャッシュ,00:00,楽天キャッシュ,3260
2032,2024-04-14,楽天キャッシュ,00:00,楽天キャッシュ,324
2031,2024-04-14,楽天キャッシュ,00:00,楽天キャッシュ,-2691
2021,2024-04-14,国民年金,09:00,国民年金,200140
2022,2024-04-14,交通費,09:20,吉祥寺-渋谷,230
2023,2024-04-14,交通費,09:50,渋谷-横浜,309
2024,2024-04-14,プラス,15:01,横浜,-330
2025,2024-04-14,食費,15:01,横浜,1190
2020,2024-04-14,遊興費,15:30,横浜,2000
2026,2024-04-14,交際費,20:01,横浜,2297
2027,2024-04-14,プラス,20:01,横浜,-2403
2028,2024-04-14,交通費,20:20,横浜-渋谷,309
2029,2024-04-14,交通費,21:00,渋谷-吉祥寺,230
2030,2024-04-14,食費,21:40,吉祥寺,1288
2044,2024-04-15,楽天キャッシュ,00:00,楽天キャッシュ,-32
2043,2024-04-15,楽天キャッシュ,00:00,楽天キャッシュ,-3
2042,2024-04-15,楽天キャッシュ,00:00,楽天キャッシュ,-42
2035,2024-04-15,プラス,00:00,プラス,-10
2036,2024-04-15,収入,00:00,ココナラエージェント,-682000
2037,2024-04-15,雑費,09:00,荻窪病院,100
2038,2024-04-15,食費,10:30,荻窪病院,150
2039,2024-04-15,医療費,12:00,荻窪病院,8930
2041,2024-04-15,手数料,19:00,手数料,220
2040,2024-04-15,支払い,19:00,アイアールシー,76845
2045,2024-04-17,西友,20:00,楽天キャッシュ,6941
2046,2024-04-18,楽天キャッシュ,00:00,楽天キャッシュ,-6864
134,2024-04-19,投資,00:00,投資,30000
135,2024-04-20,交通費,12:00,上石神井-玉川上水,282
137,2024-04-20,交際費,12:20,交際費,600
143,2024-04-20,遊興費,12:20,秩父　特急券,600
138,2024-04-20,交通費,12:50,タクシー代,800
139,2024-04-20,お賽銭,14:44,阿豆佐味天神社,100
140,2024-04-20,お賽銭,14:45,阿豆佐味天神社,100
141,2024-04-20,お賽銭,14:45,阿豆佐味天神社,1000
142,2024-04-20,交通費,16:30,武蔵砂川-上石神井,282
136,2024-04-20,お使い,17:27,上石神井,1232
144,2024-04-20,プラス,18:20,プラス,-1152
2048,2024-04-21,プラス,00:00,プラス,-10
2049,2024-04-21,医療費,11:50,吉祥寺,4870
2050,2024-04-21,医療費,12:00,吉祥寺,980
2051,2024-04-21,楽天キャッシュ,12:10,吉祥寺,840
2047,2024-04-21,交通費,12:30,吉祥寺-錦糸町,406
2052,2024-04-21,お賽銭,14:35,小網神社,10
2053,2024-04-21,交通費,16:00,銀座-荻窪,252
2055,2024-04-22,楽天キャッシュ,00:00,楽天キャッシュ,-8
2054,2024-04-22,楽天キャッシュ,00:00,楽天キャッシュ,-1000
2058,2024-04-23,楽天キャッシュ,00:00,楽天キャッシュ,-14
2056,2024-04-23,税金,00:00,所得税,215900
2057,2024-04-23,プラス,20:00,プラス,-8000
2059,2024-04-24,楽天キャッシュ,00:00,楽天キャッシュ,-72
155,2024-04-25,投資,00:00,gold,10000
2060,2024-04-26,楽天キャッシュ,00:00,楽天キャッシュ,-61
156,2024-04-27,交通費,12:30,青梅街道営業所-成増,220
157,2024-04-27,お賽銭,13:39,成増　氷川神社,10
158,2024-04-27,医療費,16:20,和光市,590
159,2024-04-27,交通費,16:30,和光市-成増,178
160,2024-04-27,交通費,17:00,成増-青梅街道営業所,220
161,2024-04-28,交通費,09:00,吉祥寺-渋谷,230
162,2024-04-28,交通費,09:30,渋谷-横浜,309
163,2024-04-28,食費,15:00,横浜,800
164,2024-04-28,交通費,15:30,横浜-渋谷,309
165,2024-04-28,交通費,16:30,渋谷-吉祥寺,230
166,2024-04-28,食費,17:24,吉祥寺,467
167,2024-04-29,交通費,10:30,上石神井-高田馬場,220
175,2024-04-29,交通費,11:00,高田馬場-品川,208
169,2024-04-29,お賽銭,11:43,品川神社,10
170,2024-04-29,お賽銭,12:04,荏原神社,10
171,2024-04-29,お賽銭,12:13,品川成田山,10
172,2024-04-29,お賽銭,12:45,雉子神社,10
173,2024-04-29,お賽銭,13:07,西五反田　氷川神社,10
174,2024-04-29,お賽銭,13:26,目黒不動尊,10
168,2024-04-29,お賽銭,13:41,大鳥神社,10
176,2024-04-29,交通費,14:00,目黒-荻窪,252
177,2024-04-29,お賽銭,15:24,荻窪八幡宮,10
178,2024-04-29,お賽銭,15:43,井草八幡宮,10
182,2024-04-30,送金,00:00,銀行間移動,300000
179,2024-04-30,クレジット,00:00,クレジット,221304
187,2024-04-30,保険料,00:00,保険料,3787
185,2024-04-30,年金保険,00:00,年金保険,55880
184,2024-04-30,クレジット,00:00,クレジット,5119
183,2024-04-30,手数料,00:00,手数料,220
181,2024-04-30,税金,00:00,消費税,8700
186,2024-04-30,医療費,11:40,吉祥寺,380
180,2024-04-30,食費,12:16,吉祥寺,108
188,2024-04-30,お賽銭,13:27,田無神社,10
189,2024-04-30,お賽銭,14:09,東伏見稲荷神社,10
2064,2024-05-01,楽天キャッシュ,00:00,楽天キャッシュ,-5286
2062,2024-05-01,国民年金基金,00:00,国民年金基金,26625
2061,2024-05-01,送金,00:00,銀行間移動,-300000
2063,2024-05-01,西友,20:00,楽天キャッシュ,6158
2067,2024-05-02,楽天キャッシュ,00:00,楽天キャッシュ,-3
2068,2024-05-02,楽天キャッシュ,00:00,楽天キャッシュ,-1
2069,2024-05-02,楽天キャッシュ,00:00,楽天キャッシュ,-1000
2065,2024-05-02,プラス,12:20,昔の通帳,-755
2066,2024-05-02,食費,12:30,吉祥寺,1070
10,2024-05-03,投資,00:00,投資,3333
23,2024-05-04,交通費,10:30,吉祥寺-下北沢,209
24,2024-05-04,お賽銭,11:10,北澤八幡神社,10
25,2024-05-04,お賽銭,11:35,太子堂八幡神社,10
29,2024-05-04,お賽銭,11:53,松陰神社,10
30,2024-05-04,お賽銭,12:21,世田谷八幡神社,10
26,2024-05-04,お賽銭,12:45,赤堤　六所神社,10
27,2024-05-04,お賽銭,13:19,経堂　天祖神社,10
28,2024-05-04,食費,13:51,桜上水,630
31,2024-05-04,お賽銭,14:01,勝利八幡神社,10
32,2024-05-04,お賽銭,14:34,高井戸八幡神社,10
33,2024-05-04,交通費,14:45,浜田山-吉祥寺,160
34,2024-05-04,食費,15:10,吉祥寺,182
2447,2024-05-05,プラス,00:00,プラス,-950
2448,2024-05-05,交通費,09:00,吉祥寺-渋谷,230
2449,2024-05-05,交通費,09:30,渋谷-横浜,309
2450,2024-05-05,楽天キャッシュ,15:30,楽天キャッシュ,950
2451,2024-05-05,交通費,15:40,横浜-渋谷,309
2452,2024-05-05,交通費,16:30,渋谷-吉祥寺,230
2453,2024-05-05,食費,17:11,吉祥寺,738
2470,2024-05-06,プラス,00:00,プラス,-49
2454,2024-05-06,楽天キャッシュ,00:00,楽天キャッシュ,-9
2455,2024-05-06,楽天キャッシュ,00:00,楽天キャッシュ,-1000
2456,2024-05-06,プラス,00:00,プラス,-10000
2469,2024-05-06,楽天キャッシュ,00:00,楽天キャッシュ,310
2457,2024-05-06,交通費,08:30,上石神井-西武秩父,722
2458,2024-05-06,交通費,12:30,西武秩父-三峰神社,944
2461,2024-05-06,お賽銭,13:53,三峰神社,2000
2460,2024-05-06,お賽銭,13:53,三峰神社,1200
2459,2024-05-06,お賽銭,13:53,三峰神社,100
2462,2024-05-06,食費,14:40,三峰神社,1000
2463,2024-05-06,交際費,14:40,三峰神社,1000
2464,2024-05-06,交通費,15:30,三峰神社-西武秩父,944
2465,2024-05-06,お賽銭,16:59,秩父神社,100
2466,2024-05-06,食費,17:45,西武秩父,324
2467,2024-05-06,交通費,20:00,西武秩父-上石神井,722
2468,2024-05-06,食費,20:14,上石神井,557
2097,2024-05-07,楽天キャッシュ,00:00,楽天キャッシュ,-3
2098,2024-05-07,クレジット,00:00,クレジット,332
45,2024-05-08,プラス,00:00,プラス,-5
44,2024-05-08,共済代,00:00,共済代,3000
46,2024-05-08,お使い,19:05,関町,789
47,2024-05-08,プラス,20:00,実家,-1000
2099,2024-05-09,楽天キャッシュ,00:00,楽天キャッシュ,-53
63,2024-05-11,医療費,09:00,吉祥寺,1430
64,2024-05-11,医療費,09:30,吉祥寺,720
2100,2024-05-12,不明,00:00,不明,1734
2101,2024-05-12,交通費,08:15,青梅街道営業所-石神井公園,220
2102,2024-05-12,交通費,09:00,石神井公園-練馬,188
2103,2024-05-12,交通費,09:20,練馬-高松三丁目,220
2104,2024-05-12,食費,13:00,和光市,1230
2105,2024-05-12,交通費,14:30,和光市-成増,178
2106,2024-05-12,交通費,14:45,成増-立野橋,220
2107,2024-05-12,医療費,15:43,上石神井,1298
2108,2024-05-12,西友,20:00,楽天キャッシュ,5288
2112,2024-05-13,楽天キャッシュ,00:00,楽天キャッシュ,-1288
2113,2024-05-13,楽天キャッシュ,00:00,楽天キャッシュ,-134
2114,2024-05-13,楽天キャッシュ,00:00,楽天キャッシュ,-5108
2110,2024-05-13,手数料,08:00,手数料,154
2109,2024-05-13,支払い,08:00,アイアールシー,16500
2111,2024-05-13,医療費,18:00,医療費,1300
2115,2024-05-15,収入,00:00,ココナラエージェント,-674690
2116,2024-05-15,楽天キャッシュ,00:00,楽天キャッシュ,-86
533,2024-05-18,投資,00:00,投資,30000
540,2024-05-18,送金,08:00,銀行間移動,300000
541,2024-05-18,手数料,08:00,手数料,220
534,2024-05-18,雑費,10:15,桃井,20
535,2024-05-18,医療費,12:30,荻窪病院,1350
536,2024-05-18,雑費,14:49,西荻窪,30
537,2024-05-18,交通費,16:30,荻窪-青梅街道営業所,220
538,2024-05-18,プラス,17:45,プラス,-1000
539,2024-05-18,お使い,17:45,関町,979
280,2024-05-19,交通費,09:10,吉祥寺-渋谷,230
281,2024-05-19,交通費,09:50,渋谷-横浜,309
285,2024-05-19,食費,10:30,横浜,213
284,2024-05-19,食費,14:40,横浜,840
282,2024-05-19,交通費,15:20,横浜-渋谷,309
283,2024-05-19,交通費,16:00,渋谷-吉祥寺,230
2479,2024-05-20,楽天キャッシュ,00:00,楽天キャッシュ,-46
2471,2024-05-20,楽天キャッシュ,00:00,楽天キャッシュ,-100
2472,2024-05-20,送金,00:00,銀行間移動,-300000
2473,2024-05-20,不明,00:00,不明,5
2474,2024-05-20,医療費,15:10,吉祥寺,3880
2475,2024-05-20,医療費,15:20,吉祥寺,1160
2476,2024-05-20,お使い,15:48,吉祥寺,322
2477,2024-05-20,食費,15:53,吉祥寺,630
2478,2024-05-20,プラス,19:00,プラス,-1000
550,2024-05-23,楽天キャッシュ,20:00,楽天キャッシュ,3150
551,2024-05-24,楽天キャッシュ,00:00,楽天キャッシュ,-3150
1865,2024-05-25,医療費,12:00,上石神井,1250
1866,2024-05-25,医療費,12:20,上石神井,500
1867,2024-05-25,食費,13:00,上石神井,910
1868,2024-05-25,交通費,16:15,和光市-成増,178
1869,2024-05-25,交通費,16:30,成増-青梅街道営業所,220
1864,2024-05-25,西友,21:00,西友,4407
2122,2024-05-26,楽天キャッシュ,00:00,楽天キャッシュ,-2681
2124,2024-05-26,プラス,07:50,プラス,-7250
2117,2024-05-26,食費,08:20,保土ケ谷パーキングエリア,150
2119,2024-05-26,食費,08:55,横浜,250
2120,2024-05-26,食費,14:30,横浜,900
2121,2024-05-26,交通費,15:00,横浜-三ツ沢下町,210
2129,2024-05-26,雑費,15:40,三ツ沢公園,100
2123,2024-05-26,教育費,17:00,ランニング練習,6000
2118,2024-05-26,交通費,17:10,三ツ沢公園-横浜,220
2125,2024-05-26,交通費,17:30,横浜-渋谷,309
2126,2024-05-26,交通費,18:30,渋谷-吉祥寺,230
2127,2024-05-26,食費,20:22,吉祥寺,600
2128,2024-05-26,食費,20:46,吉祥寺,491
648,2024-05-27,クレジット,00:00,クレジット,15710
647,2024-05-27,年金保険,00:00,年金保険,55880
649,2024-05-27,クレジット,00:00,クレジット,186463
650,2024-05-27,保険料,00:00,保険料,3787
654,2024-05-27,手数料,08:00,手数料,220
652,2024-05-27,送金,08:00,銀行間移動,-300000
651,2024-05-27,送金,08:00,銀行間移動,300000
653,2024-05-27,投資,10:00,投資,10000
2130,2024-05-29,楽天キャッシュ,00:00,楽天キャッシュ,-3
2131,2024-05-30,美容費,10:40,上石神井,2200
2132,2024-05-30,医療費,10:50,上石神井,1153
2133,2024-05-30,お賽銭,11:00,関町,10
615,2024-05-31,交通費,07:40,上石神井-高田馬場,220
616,2024-05-31,交通費,08:20,高田馬場-品川,208
619,2024-05-31,お賽銭,13:02,目黒,10
620,2024-05-31,お賽銭,13:18,目黒,10
618,2024-05-31,食費,13:22,目黒,630
614,2024-05-31,交通費,14:30,渋谷-吉祥寺,230
617,2024-05-31,食費,15:11,吉祥寺,409
2134,2024-06-01,交通費,10:20,吉祥寺-明大前,252
2135,2024-06-01,お賽銭,10:59,大原稲荷,10
2136,2024-06-01,お賽銭,11:29,多田神社,10
2144,2024-06-01,お賽銭,11:45,神明氷川神社,10
2138,2024-06-01,お賽銭,12:03,本郷氷川神社,10
2139,2024-06-01,プラス,12:05,プラス,-150
2147,2024-06-01,お賽銭,12:51,藤神稲荷神社,10
2141,2024-06-01,お賽銭,13:04,幡ヶ谷氷川神社,10
2142,2024-06-01,お賽銭,13:27,十二社熊野神社,10
2143,2024-06-01,お賽銭,13:30,十二社熊野神社,100
2137,2024-06-01,交通費,13:50,西武新宿-上石神井,188
2145,2024-06-01,食費,14:30,上石神井,910
2146,2024-06-01,食費,14:50,上石神井,451
2140,2024-06-01,送金,18:30,銀行間移動,-470000
2148,2024-06-01,送金,18:30,銀行間移動,470000
2482,2024-06-02,プラス,00:00,プラス,-2000
2484,2024-06-02,楽天キャッシュ,00:00,楽天キャッシュ,-100
2480,2024-06-02,楽天キャッシュ,00:00,楽天キャッシュ,-3
2481,2024-06-02,楽天キャッシュ,00:00,楽天キャッシュ,-1
2483,2024-06-02,不明,00:00,不明,100
2485,2024-06-02,遊興費,15:00,銭湯代,530
2486,2024-06-02,食費,16:30,関内,1500
2487,2024-06-02,食費,17:00,中華街,600
2488,2024-06-02,交際費,17:05,中華街,140
1876,2024-06-03,楽天キャッシュ,00:00,楽天キャッシュ,-38
1871,2024-06-03,国民年金基金,00:00,国民年金基金,26625
1872,2024-06-03,交通費,07:20,上石神井-高田馬場,220
1873,2024-06-03,交通費,08:00,高田馬場-有楽町,208
1874,2024-06-03,交通費,19:50,有楽町-高田馬場,208
1875,2024-06-03,交通費,20:30,高田馬場-上石神井,220
1870,2024-06-03,西友,22:50,楽天キャッシュ,5855
2158,2024-06-04,楽天キャッシュ,00:00,楽天キャッシュ,-5710
2159,2024-06-04,楽天キャッシュ,00:00,楽天キャッシュ,-1
732,2024-06-05,投資,00:00,投資,3333
731,2024-06-05,クレジット,00:00,クレジット,332
739,2024-06-06,不明,00:00,不明,22
733,2024-06-06,交通費,08:40,上石神井-高田馬場,220
734,2024-06-06,交通費,09:30,高田馬場-有楽町,208
738,2024-06-06,食費,12:30,有楽町,810
735,2024-06-06,交通費,18:30,有楽町-高田馬場,208
736,2024-06-06,交通費,19:30,高田馬場-上石神井,220
737,2024-06-06,食費,19:59,上石神井,342
750,2024-06-08,交通費,10:00,上石神井-高田馬場,220
751,2024-06-08,交通費,10:40,高田馬場-有楽町,208
752,2024-06-08,設備費,11:35,有楽町,4780
757,2024-06-08,楽天キャッシュ,12:00,有楽町,732
756,2024-06-08,楽天キャッシュ,12:10,有楽町,248
753,2024-06-08,交通費,20:00,有楽町-高田馬場,208
754,2024-06-08,交通費,20:40,高田馬場-上石神井,220
755,2024-06-08,楽天キャッシュ,21:20,上石神井,600
758,2024-06-08,不明,23:00,一時保存,860
2165,2024-06-09,楽天キャッシュ,00:00,楽天キャッシュ,-1580
2164,2024-06-09,楽天キャッシュ,00:00,楽天キャッシュ,-7
2163,2024-06-09,楽天キャッシュ,00:00,楽天キャッシュ,-6
2162,2024-06-09,楽天キャッシュ,00:00,楽天キャッシュ,-2
2160,2024-06-09,お使い,16:50,関町,1824
2161,2024-06-09,プラス,17:00,プラス,-2000
881,2024-06-10,共済代,00:00,共済代,3000
875,2024-06-10,交通費,08:30,上石神井-高田馬場,220
876,2024-06-10,交通費,09:00,高田馬場-有楽町,208
877,2024-06-10,食費,12:30,有楽町,1048
878,2024-06-10,交通費,18:45,有楽町-高田馬場,208
879,2024-06-10,交通費,19:25,高田馬場-有楽町,220
880,2024-06-10,食費,19:56,上石神井,374
768,2024-06-12,楽天キャッシュ,00:00,楽天キャッシュ,-51
2167,2024-06-13,不明,00:00,不明,3
2179,2024-06-13,楽天キャッシュ,00:00,楽天キャッシュ,-135
2178,2024-06-13,楽天キャッシュ,00:00,楽天キャッシュ,-56
2177,2024-06-13,楽天キャッシュ,00:00,楽天キャッシュ,-1123
2176,2024-06-13,楽天キャッシュ,00:00,楽天キャッシュ,-1068
2175,2024-06-13,楽天キャッシュ,00:00,楽天キャッシュ,767
2174,2024-06-13,楽天キャッシュ,00:00,楽天キャッシュ,301
2173,2024-06-13,楽天キャッシュ,00:00,楽天キャッシュ,-10000
2168,2024-06-13,楽天キャッシュ,00:00,楽天キャッシュ,10000
2169,2024-06-13,交通費,07:40,上石神井-高田馬場,220
2170,2024-06-13,交通費,08:20,高田馬場-有楽町,208
2166,2024-06-13,交通費,19:00,有楽町-高田馬場,208
2171,2024-06-13,交通費,20:00,高田馬場-上石神井,220
2172,2024-06-13,食費,20:08,上石神井,427
2180,2024-06-14,収入,00:00,ココナラエージェント,-613778
2181,2024-06-14,楽天キャッシュ,00:00,楽天キャッシュ,-3
2182,2024-06-14,楽天キャッシュ,00:00,楽天キャッシュ,-7
2185,2024-06-15,プラス,00:00,プラス,-3
2184,2024-06-15,プラス,00:00,プラス,-10000
2186,2024-06-15,交通費,10:00,上石神井-中井,220
2183,2024-06-15,お賽銭,10:52,東中野　氷川神社,10
2187,2024-06-15,食費,11:10,西新宿,151
2188,2024-06-15,お賽銭,11:21,成子天神社,10
2189,2024-06-15,お賽銭,12:18,平田神社,10
2190,2024-06-15,お賽銭,12:30,明治神宮,100
2191,2024-06-15,お賽銭,13:02,東郷神社,10
2192,2024-06-15,お賽銭,13:21,北谷稲荷神社,10
2193,2024-06-15,お賽銭,13:36,穏田神社,10
2194,2024-06-15,食費,14:10,渋谷,1061
2195,2024-06-15,交通費,14:20,渋谷-吉祥寺,230
2196,2024-06-15,食費,14:56,吉祥寺,441
2197,2024-06-15,西友,21:00,楽天キャッシュ,5058
2198,2024-06-15,楽天キャッシュ,23:00,楽天キャッシュ,-3858
840,2024-06-16,プラス,08:30,プラス,-10000
842,2024-06-16,楽天キャッシュ,09:30,横浜,820
843,2024-06-16,食費,14:40,横浜,1500
844,2024-06-16,遊興費,15:00,横浜,1000
845,2024-06-16,交際費,21:00,横浜,3000
841,2024-06-16,交通費,21:20,横浜-渋谷,309
846,2024-06-16,交通費,22:00,渋谷-吉祥寺,230
2206,2024-06-17,楽天キャッシュ,00:00,楽天キャッシュ,-1000
2207,2024-06-17,プラス,01:00,プラス,-188
2199,2024-06-17,雑費,07:30,ふるさと納税,11000
2200,2024-06-17,交通費,08:30,上石神井-高田馬場,220
2201,2024-06-17,交通費,09:00,高田馬場-有楽町,208
2202,2024-06-17,楽天キャッシュ,12:46,有楽町,700
2203,2024-06-17,交通費,19:00,有楽町-高田馬場,208
2204,2024-06-17,交通費,19:40,高田馬場-上石神井,220
2205,2024-06-17,食費,20:08,上石神井,491
2208,2024-06-18,楽天キャッシュ,00:00,楽天キャッシュ,-1000
2211,2024-06-18,楽天キャッシュ,00:00,楽天キャッシュ,-4
2209,2024-06-18,手数料,08:00,手数料,154
2210,2024-06-18,支払い,08:00,アイアールシー,16500
2212,2024-06-19,投資,00:00,投資,30000
2213,2024-06-19,楽天キャッシュ,00:00,楽天キャッシュ,-3
896,2024-06-20,交通費,08:37,上石神井-高田馬場,220
897,2024-06-20,交通費,09:00,高田馬場-有楽町,208
898,2024-06-20,食費,12:30,有楽町,670
895,2024-06-20,交通費,18:30,有楽町-高田馬場,208
899,2024-06-20,交通費,19:10,高田馬場-上石神井,220
965,2024-06-21,投資,00:00,投資,100000
2227,2024-06-22,プラス,00:00,プラス,-1000
2214,2024-06-22,楽天キャッシュ,10:48,吉祥寺,440
2215,2024-06-22,医療費,11:35,吉祥寺,2620
2216,2024-06-22,医療費,11:45,吉祥寺,940
2217,2024-06-22,雑費,11:56,吉祥寺,20
2218,2024-06-22,雑費,12:00,吉祥寺,30
2226,2024-06-22,食費,12:20,吉祥寺,1050
2220,2024-06-22,交通費,14:00,青梅街道営業所-牛房,220
2221,2024-06-22,お賽銭,14:54,牛房　出世稲荷,10
2222,2024-06-22,医療費,16:00,和光市,2110
2223,2024-06-22,楽天キャッシュ,16:10,和光市,125
2224,2024-06-22,交通費,16:15,和光市-成増,178
2225,2024-06-22,交通費,16:30,成増-青梅街道営業所,220
2219,2024-06-22,お使い,18:30,関町,979
2489,2024-06-23,楽天キャッシュ,00:00,プラス,-1
2490,2024-06-23,交通費,08:15,青梅街道営業所-石神井公園,220
2491,2024-06-23,交通費,08:50,石神井公園-練馬,188
2492,2024-06-23,交通費,09:10,練馬-高松三丁目,220
2493,2024-06-23,交通費,12:00,高松三丁目-練馬,220
2494,2024-06-23,楽天キャッシュ,12:30,練馬,2530
2495,2024-06-23,お賽銭,12:37,練馬　東神社,10
2496,2024-06-23,交通費,13:00,練馬-石神井公園,188
2497,2024-06-23,交通費,13:30,石神井公園-青梅街道営業所,220
2239,2024-06-24,楽天キャッシュ,00:00,楽天キャッシュ,-25
2238,2024-06-24,楽天キャッシュ,00:00,楽天キャッシュ,-2607
966,2024-06-25,楽天キャッシュ,00:00,楽天キャッシュ,-43
967,2024-06-25,投資,00:00,投資,10000
2522,2024-06-27,保険料,00:00,保険料,3787
2521,2024-06-27,年金保険,00:00,保険料,55880
2519,2024-06-27,遊興費,00:00,楽天キャッシュ,2000
2520,2024-06-27,クレジット,00:00,クレジット,166597
2523,2024-06-27,楽天キャッシュ,00:00,楽天キャッシュ,1680
2524,2024-06-27,交通費,08:40,上石神井-高田馬場,220
2525,2024-06-27,交通費,09:20,高田馬場-有楽町,208
2526,2024-06-27,食費,12:30,有楽町,950
2527,2024-06-27,交通費,22:40,有楽町-高田馬場,208
2528,2024-06-27,交通費,23:20,高田馬場-上石神井,220
1877,2024-06-28,西友,00:00,楽天キャッシュ,4535
1879,2024-06-28,楽天キャッシュ,00:00,楽天キャッシュ,-3612
1878,2024-06-28,楽天キャッシュ,00:00,楽天キャッシュ,-16
1001,2024-06-29,不明,00:00,不明,50
1000,2024-06-29,楽天キャッシュ,00:00,楽天キャッシュ,-4519
1002,2024-06-29,医療費,12:10,今川,1390
1003,2024-06-29,医療費,12:15,今川,570
1004,2024-06-29,食費,12:30,今川,1250
1005,2024-06-29,お賽銭,13:14,荻窪八幡宮,10
1006,2024-06-29,食費,13:33,善福寺,532
2240,2024-06-30,交通費,09:00,吉祥寺-渋谷,230
2241,2024-06-30,交通費,09:30,渋谷-横浜,309
2242,2024-06-30,楽天キャッシュ,15:30,横浜,1350
2243,2024-06-30,交通費,15:40,横浜-渋谷,309
2244,2024-06-30,交通費,16:20,渋谷-吉祥寺,230
2245,2024-06-30,食費,17:00,吉祥寺,556
2246,2024-07-01,楽天キャッシュ,00:00,楽天キャッシュ,-1350
2253,2024-07-01,国民年金基金,00:00,国民年金基金,26625
2252,2024-07-01,楽天キャッシュ,00:00,楽天キャッシュ,-13
2247,2024-07-01,交通費,08:40,上石神井-高田馬場,220
2248,2024-07-01,交通費,09:20,高田馬場-有楽町,208
2249,2024-07-01,交通費,18:30,有楽町-高田馬場,208
2250,2024-07-01,交通費,19:20,高田馬場-上石神井,220
2251,2024-07-01,食費,19:51,上石神井,416
2529,2024-07-02,遊興費,00:00,楽天キャッシュ,2000
2531,2024-07-02,楽天キャッシュ,00:00,楽天キャッシュ,-1
2530,2024-07-02,楽天キャッシュ,00:00,楽天キャッシュ,-3
1029,2024-07-03,楽天キャッシュ,00:00,楽天キャッシュ,-2000
2258,2024-07-04,楽天キャッシュ,00:00,楽天キャッシュ,-147
2257,2024-07-04,雑費,08:00,雑費,1519
2265,2024-07-04,交通費,08:40,上石神井-高田馬場,220
2259,2024-07-04,交通費,09:20,高田馬場-有楽町,208
2260,2024-07-04,楽天キャッシュ,12:30,有楽町,767
2261,2024-07-04,楽天キャッシュ,13:00,有楽町,151
2262,2024-07-04,交通費,19:00,有楽町-高田馬場,208
2263,2024-07-04,交通費,19:30,高田馬場-上石神井,220
2264,2024-07-04,食費,20:02,上石神井,417
2267,2024-07-05,クレジット,00:00,クレジット,333
2271,2024-07-05,楽天キャッシュ,00:00,楽天キャッシュ,-1
2270,2024-07-05,楽天キャッシュ,00:00,楽天キャッシュ,-31
2266,2024-07-05,楽天キャッシュ,00:00,楽天キャッシュ,-7
2269,2024-07-05,楽天キャッシュ,00:00,楽天キャッシュ,-1000
2268,2024-07-05,投資,00:00,投資,3333
2281,2024-07-06,楽天キャッシュ,00:00,楽天キャッシュ,39
2273,2024-07-06,お賽銭,11:59,西大泉　諏訪神社,10
2275,2024-07-06,交際費,12:30,開店祝い,10000
2274,2024-07-06,食費,12:30,新座市,1100
2276,2024-07-06,交通費,14:30,朝霞-和光市,157
2277,2024-07-06,楽天キャッシュ,17:20,和光市,948
2272,2024-07-06,医療費,17:30,和光市,1890
2278,2024-07-06,楽天キャッシュ,17:40,和光市,177
2279,2024-07-06,交通費,17:45,和光市-成増,178
2280,2024-07-06,交通費,18:50,成増-青梅街道営業所,220
2292,2024-07-07,楽天キャッシュ,00:00,楽天キャッシュ,-9
2294,2024-07-07,楽天キャッシュ,00:00,楽天キャッシュ,-1000
2283,2024-07-07,不明,00:00,不明,200
2293,2024-07-07,楽天キャッシュ,00:00,楽天キャッシュ,-1
2291,2024-07-07,楽天キャッシュ,00:00,楽天キャッシュ,-39
2284,2024-07-07,交通費,09:00,吉祥寺-渋谷,230
2285,2024-07-07,交通費,09:30,渋谷-横浜,309
2282,2024-07-07,食費,15:00,横浜,990
2286,2024-07-07,交通費,15:10,横浜-渋谷,309
2287,2024-07-07,交通費,16:00,渋谷-吉祥寺,230
2288,2024-07-07,食費,17:07,吉祥寺,685
2289,2024-07-07,お使い,17:53,上石神井,384
2290,2024-07-07,プラス,18:00,プラス,-400
1254,2024-07-08,楽天キャッシュ,00:00,楽天キャッシュ,-4
1255,2024-07-08,楽天キャッシュ,00:00,楽天キャッシュ,49
1253,2024-07-08,共済代,00:00,共済代,3000
1263,2024-07-08,支払い,08:00,アイアールシー,16500
1264,2024-07-08,手数料,08:00,手数料,154
1256,2024-07-08,交通費,08:40,上石神井-高田馬場,220
1257,2024-07-08,交通費,09:20,高田馬場-有楽町,208
1258,2024-07-08,楽天キャッシュ,12:30,楽天キャッシュ,767
1259,2024-07-08,楽天キャッシュ,13:00,楽天キャッシュ,281
1260,2024-07-08,交通費,18:40,有楽町-高田馬場,208
1261,2024-07-08,交通費,19:20,高田馬場-上石神井,220
1262,2024-07-08,食費,20:01,上石神井,417
2295,2024-07-09,プラス,00:00,プラス,-10000
2296,2024-07-09,楽天キャッシュ,00:00,楽天キャッシュ,-3
2297,2024-07-09,楽天キャッシュ,00:00,楽天キャッシュ,-2
2298,2024-07-09,楽天キャッシュ,00:00,楽天キャッシュ,-7
2299,2024-07-09,楽天キャッシュ,00:00,楽天キャッシュ,-1000
1880,2024-07-10,楽天キャッシュ,00:00,楽天キャッシュ,13
1881,2024-07-10,楽天キャッシュ,00:00,楽天キャッシュ,-1
1882,2024-07-10,西友,12:30,楽天キャッシュ,4945
1178,2024-07-11,楽天キャッシュ,00:00,楽天キャッシュ,-4677
1172,2024-07-11,交通費,08:40,上石神井-高田馬場,220
1173,2024-07-11,交通費,09:20,高田馬場-有楽町,208
1174,2024-07-11,食費,12:45,銀座,1260
1175,2024-07-11,交通費,18:30,有楽町-新宿,208
1176,2024-07-11,交通費,19:10,新宿-荻窪,209
1177,2024-07-11,交通費,19:30,荻窪-青梅街道営業所,230
1189,2024-07-12,雑費,13:37,荻窪病院,4428
1191,2024-07-12,医療費,15:30,荻窪病院,45180
1187,2024-07-12,プラス,15:30,荻窪病院,-8930
1188,2024-07-12,医療費,15:30,荻窪病院,5490
1190,2024-07-12,食費,15:51,善福寺,520
2301,2024-07-13,楽天キャッシュ,00:00,楽天キャッシュ,-10000
2300,2024-07-13,楽天キャッシュ,00:00,楽天キャッシュ,10000
2306,2024-07-13,楽天キャッシュ,00:00,楽天キャッシュ,-1168
2307,2024-07-13,楽天キャッシュ,00:00,楽天キャッシュ,-95
2302,2024-07-13,雑費,08:45,荻窪病院,100
2303,2024-07-13,医療費,09:30,荻窪病院,1870
2304,2024-07-13,医療費,09:40,今川,700
2305,2024-07-13,食費,10:13,善福寺,373
2318,2024-07-14,楽天キャッシュ,00:00,楽天キャッシュ,-63
2319,2024-07-14,楽天キャッシュ,00:00,楽天キャッシュ,-40
2320,2024-07-14,楽天キャッシュ,00:00,楽天キャッシュ,1263
2309,2024-07-14,交通費,08:15,青梅街道営業所-石神井公園,220
2308,2024-07-14,交通費,08:50,石神井公園-練馬,188
2310,2024-07-14,交通費,09:20,練馬-高松三丁目,220
2311,2024-07-14,交通費,10:35,高松三丁目-練馬,220
2312,2024-07-14,交通費,10:50,練馬-新宿,252
2313,2024-07-14,遊興費,11:20,ロマンスカーチケット,1200
2314,2024-07-14,交際費,11:20,ロマンスカーチケット,1200
2315,2024-07-14,交通費,11:40,西武新宿-上石神井,272
2316,2024-07-14,食費,12:15,上石神井,910
2317,2024-07-14,食費,12:50,上石神井,576
2325,2024-07-15,楽天キャッシュ,00:00,楽天キャッシュ,103
2324,2024-07-15,楽天キャッシュ,00:00,楽天キャッシュ,-83
2321,2024-07-15,お使い,15:08,吉祥寺,775
2322,2024-07-15,食費,15:15,吉祥寺,739
2323,2024-07-15,プラス,18:00,プラス,-1151
1272,2024-07-18,プラス,00:00,プラス,-395658
1393,2024-07-19,投資,00:00,投資,30000
1392,2024-07-19,楽天キャッシュ,00:00,楽天キャッシュ,-43
1298,2024-07-20,楽天キャッシュ,00:00,楽天キャッシュ,43
1286,2024-07-20,食費,08:50,桃井,420
1294,2024-07-20,医療費,10:10,今川,1400
1288,2024-07-20,医療費,10:30,今川,700
1289,2024-07-20,食費,10:43,下石神井,594
1290,2024-07-20,お賽銭,11:04,石神井公園,10
1291,2024-07-20,交通費,11:30,石神井公園-成増,230
1292,2024-07-20,交通費,12:20,成増-和光市,178
1293,2024-07-20,雑費,14:00,和光市,10
1287,2024-07-20,医療費,15:00,和光市,1330
1299,2024-07-20,楽天キャッシュ,15:05,楽天キャッシュ,145
1295,2024-07-20,交通費,15:10,和光市-成増,178
1296,2024-07-20,交通費,15:50,成増-立野橋,220
1297,2024-07-20,食費,17:05,上石神井,523
2336,2024-07-21,楽天キャッシュ,00:00,楽天キャッシュ,-1
2327,2024-07-21,楽天キャッシュ,00:00,楽天キャッシュ,-1000
2329,2024-07-21,楽天キャッシュ,00:00,楽天キャッシュ,-2
2328,2024-07-21,税金,08:50,吉祥寺,90500
2335,2024-07-21,交通費,09:00,吉祥寺-渋谷,230
2326,2024-07-21,交通費,09:30,渋谷-横浜,309
2330,2024-07-21,食費,14:35,横浜,800
2331,2024-07-21,交通費,14:50,横浜-渋谷,309
2332,2024-07-21,交通費,15:30,渋谷-吉祥寺,230
2333,2024-07-21,食費,16:26,吉祥寺,657
2334,2024-07-21,西友,20:00,楽天キャッシュ,4637
1332,2024-07-22,楽天キャッシュ,00:00,楽天キャッシュ,-3696
1338,2024-07-22,収入,00:00,ITプロパートナーズ,-726737
1335,2024-07-22,交通費,08:40,上石神井-高田馬場,220
1336,2024-07-22,交通費,09:20,高田馬場-有楽町,208
1333,2024-07-22,食費,12:30,有楽町,650
1337,2024-07-22,交通費,19:30,有楽町-高田馬場,208
1331,2024-07-22,交通費,20:20,高田馬場-上石神井,220
1334,2024-07-22,食費,20:33,上石神井,428
1399,2024-07-25,投資,00:00,投資,10000
1394,2024-07-25,交通費,08:40,上石神井-高田馬場,220
1395,2024-07-25,交通費,09:20,高田馬場-有楽町,208
1396,2024-07-25,食費,12:30,有楽町,1375
1397,2024-07-25,交通費,23:00,有楽町-高田馬場,208
1398,2024-07-25,交通費,23:30,高田馬場-上石神井,220
1400,2024-07-26,投資,00:00,投資,100000
1344,2024-07-27,食費,16:44,吉祥寺,642
1351,2024-07-28,不明,00:00,不明,203
1355,2024-07-28,交通費,09:00,吉祥寺-渋谷,230
1356,2024-07-28,交通費,09:30,渋谷-横浜,309
1352,2024-07-28,遊興費,15:00,横浜,1000
1354,2024-07-28,プラス,20:07,プラス,-8000
1353,2024-07-28,楽天キャッシュ,20:07,楽天キャッシュ,12078
1357,2024-07-28,交通費,20:20,横浜-渋谷,309
1358,2024-07-28,交通費,20:50,渋谷-吉祥寺,230
1350,2024-07-28,食費,21:36,吉祥寺,600
1391,2024-07-29,クレジット,00:00,クレジット,211023
1381,2024-07-29,楽天キャッシュ,00:00,楽天キャッシュ,-120
1382,2024-07-29,楽天キャッシュ,00:00,楽天キャッシュ,-12078
1383,2024-07-29,保険料,00:00,保険料,4971
1384,2024-07-29,年金保険,00:00,年金保険,55880
1385,2024-07-29,食費,08:35,上石神井,96
1386,2024-07-29,交通費,08:40,上石神井-高田馬場,220
1387,2024-07-29,交通費,09:20,高田馬場-有楽町,208
1388,2024-07-29,交通費,19:40,有楽町-高田馬場,208
1389,2024-07-29,交通費,20:10,高田馬場-上石神井,220
1390,2024-07-29,食費,20:47,上石神井,427
2337,2024-07-30,プラス,00:00,住友生命,-55000
2338,2024-07-30,楽天キャッシュ,00:00,楽天キャッシュ,120
2339,2024-07-30,楽天キャッシュ,00:00,楽天キャッシュ,-57
1402,2024-07-31,楽天キャッシュ,00:00,楽天キャッシュ,57
1419,2024-08-01,国民年金基金,00:00,国民年金基金,26625
1418,2024-08-01,プラス,00:00,神奈川県民共済,-107000
1412,2024-08-01,交通費,08:37,上石神井-高田馬場,220
1413,2024-08-01,交通費,09:00,高田馬場-有楽町,208
1414,2024-08-01,楽天キャッシュ,09:30,有楽町,280
1415,2024-08-01,交通費,19:30,有楽町-高田馬場,208
1416,2024-08-01,交通費,20:00,高田馬場-上石神井,220
1417,2024-08-01,食費,20:32,上石神井,461
2536,2024-08-02,楽天キャッシュ,00:00,楽天キャッシュ,-1000
2535,2024-08-02,楽天キャッシュ,00:00,楽天キャッシュ,-3
2537,2024-08-02,楽天キャッシュ,00:00,楽天キャッシュ,-1
2534,2024-08-02,楽天キャッシュ,00:00,楽天キャッシュ,-2
2533,2024-08-02,西友,00:00,楽天キャッシュ,5664
2532,2024-08-02,遊興費,00:00,楽天キャッシュ,2000
1498,2024-08-03,プラス,00:00,プラス,-7
1503,2024-08-03,投資,00:00,投資,23333
1497,2024-08-03,楽天キャッシュ,00:00,楽天キャッシュ,-6938
1499,2024-08-03,国民健康保険,10:30,吉祥寺,84735
1500,2024-08-03,雑費,10:40,吉祥寺,110
1502,2024-08-03,プラス,11:40,吉祥寺,-680
1501,2024-08-03,医療費,11:40,吉祥寺,2620
1510,2024-08-03,医療費,12:00,吉祥寺,920
1504,2024-08-03,交通費,12:20,吉祥寺-成増,220
1505,2024-08-03,交通費,14:00,成増-和光市,178
1506,2024-08-03,医療費,15:40,和光市,17630
1507,2024-08-03,交通費,15:45,和光市-成増,178
1508,2024-08-03,交通費,16:00,成増-立野橋,220
1509,2024-08-03,食費,16:58,上石神井,439
1461,2024-08-04,交通費,09:00,吉祥寺-渋谷,230
1462,2024-08-04,交通費,09:30,渋谷-横浜,309
1463,2024-08-04,楽天キャッシュ,14:26,横浜,345
1464,2024-08-04,交通費,14:50,横浜-渋谷,309
1465,2024-08-04,交通費,15:20,渋谷-吉祥寺,230
1466,2024-08-04,食費,16:09,吉祥寺,830
2341,2024-08-05,楽天キャッシュ,00:00,楽天キャッシュ,-1000
2340,2024-08-05,クレジット,00:00,クレジット,333
2349,2024-08-05,楽天キャッシュ,00:00,楽天キャッシュ,-20
2350,2024-08-05,楽天キャッシュ,00:00,楽天キャッシュ,-3
2342,2024-08-05,交通費,08:40,上石神井-高田馬場,220
2343,2024-08-05,交通費,09:00,高田馬場-有楽町,208
2345,2024-08-05,食費,12:30,有楽町,980
2344,2024-08-05,交際費,12:30,有楽町,1200
2346,2024-08-05,交通費,19:00,有楽町-高田馬場,208
2347,2024-08-05,交通費,19:40,高田馬場-上石神井,220
2348,2024-08-05,プラス,21:00,プラス,-10000
2354,2024-08-06,プラス,00:00,プラス,-9948
2353,2024-08-06,楽天キャッシュ,00:00,楽天キャッシュ,-177
2352,2024-08-06,手数料,00:00,手数料,154
2351,2024-08-06,楽天キャッシュ,00:00,楽天キャッシュ,23
2355,2024-08-06,支払い,08:00,アイアールシー,16500
1539,2024-08-07,楽天キャッシュ,00:00,楽天キャッシュ,177
2365,2024-08-08,楽天キャッシュ,00:00,楽天キャッシュ,-100
2356,2024-08-08,共済代,00:00,共済代,3000
2364,2024-08-08,楽天キャッシュ,00:00,楽天キャッシュ,100
2357,2024-08-08,交通費,08:40,上石神井-高田馬場,220
2358,2024-08-08,交通費,09:20,高田馬場-有楽町,208
2359,2024-08-08,楽天キャッシュ,10:30,楽天キャッシュ,275
2360,2024-08-08,プラス,12:30,プラス,-1200
2361,2024-08-08,交通費,18:20,有楽町-高田馬場,208
2362,2024-08-08,交通費,19:00,高田馬場-上石神井,220
2363,2024-08-08,食費,19:28,上石神井,352
1549,2024-08-09,楽天キャッシュ,00:00,楽天キャッシュ,-2
2370,2024-08-10,楽天キャッシュ,00:00,楽天キャッシュ,-1
2369,2024-08-10,楽天キャッシュ,00:00,楽天キャッシュ,2
2366,2024-08-10,プラス,00:00,プラス,-387
2371,2024-08-10,食費,07:44,新宿,487
2367,2024-08-10,お賽銭,11:16,箱根,100
2368,2024-08-10,お賽銭,11:18,箱根,100
2372,2024-08-10,遊興費,11:32,芦ノ湖,1000
2373,2024-08-10,遊興費,11:53,駒ケ岳,1620
2374,2024-08-10,お賽銭,12:14,駒ケ岳,100
2375,2024-08-10,遊興費,13:11,九頭竜の森,550
2376,2024-08-10,楽天キャッシュ,14:00,桃源台,1380
2377,2024-08-10,食費,15:00,大涌谷,300
2378,2024-08-10,交際費,17:14,小田原,2116
2379,2024-08-10,楽天キャッシュ,17:25,小田原,583
2380,2024-08-10,食費,20:20,新宿,1500
2381,2024-08-10,食費,21:02,上石神井,384
2392,2024-08-11,楽天キャッシュ,00:00,楽天キャッシュ,-5
2394,2024-08-11,楽天キャッシュ,00:00,楽天キャッシュ,-1582
2393,2024-08-11,楽天キャッシュ,00:00,楽天キャッシュ,-13
2391,2024-08-11,楽天キャッシュ,00:00,楽天キャッシュ,-49
2382,2024-08-11,交通費,11:00,吉祥寺-渋谷,230
2383,2024-08-11,交通費,11:30,渋谷-横浜,309
2384,2024-08-11,交通費,12:20,横浜-星川,188
2385,2024-08-11,教育費,13:30,保土ヶ谷,500
2386,2024-08-11,交通費,15:30,天王町-横浜,157
2387,2024-08-11,交通費,16:00,横浜-渋谷,309
2388,2024-08-11,交通費,16:40,渋谷-吉祥寺,230
2389,2024-08-11,食費,17:15,吉祥寺,921
2390,2024-08-11,西友,20:00,楽天キャッシュ,6371
1603,2024-08-12,楽天キャッシュ,00:00,楽天キャッシュ,-6304
1604,2024-08-12,食費,13:40,吉祥寺,1050
2405,2024-08-13,楽天キャッシュ,00:00,楽天キャッシュ,-22
2404,2024-08-13,楽天キャッシュ,00:00,楽天キャッシュ,-926
2396,2024-08-13,楽天キャッシュ,00:00,楽天キャッシュ,-16667
2395,2024-08-13,楽天キャッシュ,00:00,楽天キャッシュ,16667
2397,2024-08-13,交通費,15:30,吉祥寺-渋谷,230
2398,2024-08-13,交通費,16:00,渋谷-横浜,309
2399,2024-08-13,教育費,18:00,YBFP,16500
2400,2024-08-13,食費,19:51,横浜,487
2401,2024-08-13,交通費,20:00,横浜-渋谷,309
2402,2024-08-13,交通費,20:40,渋谷-吉祥寺,230
2403,2024-08-13,食費,21:21,吉祥寺,653
1673,2024-08-14,楽天キャッシュ,00:00,楽天キャッシュ,948
1674,2024-08-14,お賽銭,08:55,井草八幡宮,10
1671,2024-08-14,お賽銭,09:14,荻窪八幡宮,10
1675,2024-08-14,交通費,09:30,荻窪-目黒,252
1672,2024-08-14,お賽銭,11:21,目黒区中目黒,10
1676,2024-08-14,お賽銭,11:43,目黒区中央町,5
1677,2024-08-14,お賽銭,12:07,世田谷区下馬,10
1678,2024-08-14,お賽銭,12:32,目黒区上目黒,10
1679,2024-08-14,お賽銭,12:53,世田谷区池尻,5
1680,2024-08-14,お賽銭,13:08,目黒区大橋,50
1681,2024-08-14,交通費,13:20,駒場東大前-吉祥寺,209
1682,2024-08-14,食費,14:20,吉祥寺,1408
1740,2024-08-17,投資,00:00,投資,30000
1730,2024-08-17,交通費,10:20,青梅街道営業所-成増,220
1731,2024-08-17,交通費,11:20,成増-和光市,178
1732,2024-08-17,医療費,12:15,和光市,200
1733,2024-08-17,食費,12:29,和光市,830
1734,2024-08-17,お賽銭,13:38,練馬区土支田,10
1735,2024-08-17,お賽銭,14:16,練馬区大泉町,10
1736,2024-08-17,お賽銭,14:40,練馬区東大泉,10
1737,2024-08-17,お賽銭,15:25,練馬区石神井台,10
1738,2024-08-17,お賽銭,15:45,練馬区下石神井,10
1739,2024-08-17,食費,16:03,上石神井,792
1713,2024-08-18,交通費,09:00,吉祥寺-渋谷,230
1714,2024-08-18,交通費,09:30,渋谷-横浜,309
1719,2024-08-18,食費,11:00,横浜,850
1717,2024-08-18,食費,15:28,横浜,1550
1715,2024-08-18,交通費,15:50,横浜-渋谷,309
1716,2024-08-18,交通費,16:30,渋谷-吉祥寺,230
1718,2024-08-18,食費,17:06,吉祥寺,614
1763,2024-08-19,利息,00:00,利息,-14
1764,2024-08-19,利息,00:00,利息,-30
1771,2024-08-19,利息,00:00,利息,-314
1765,2024-08-19,交通費,08:40,上石神井-高田馬場,220
1766,2024-08-19,交通費,09:20,高田馬場-有楽町,208
1767,2024-08-19,食費,12:30,有楽町,978
1768,2024-08-19,交通費,19:00,有楽町-高田馬場,208
1769,2024-08-19,交通費,19:40,高田馬場-上石神井,220
1770,2024-08-19,食費,20:09,上石神井,622
1909,2024-08-20,収入,00:00,ITプロパートナーズ,-726737
1910,2024-08-20,西友,07:00,楽天キャッシュ,7481
2407,2024-08-21,楽天キャッシュ,00:00,楽天キャッシュ,-66
2406,2024-08-21,楽天キャッシュ,00:00,楽天キャッシュ,-7481
2408,2024-08-22,楽天キャッシュ,00:00,楽天キャッシュ,66
2409,2024-08-22,交通費,08:37,上石神井-高田馬場,220
2410,2024-08-22,交通費,09:20,高田馬場-渋谷,178
2411,2024-08-22,交通費,19:00,渋谷-吉祥寺,230
2412,2024-08-22,食費,19:43,吉祥寺,642
1806,2024-08-23,楽天キャッシュ,00:00,楽天キャッシュ,66
1807,2024-08-23,設備費,00:00,ラウンドプラス,209000
1808,2024-08-23,手数料,00:00,手数料,220
1781,2024-08-24,楽天キャッシュ,12:00,楽天キャッシュ,630
1790,2024-08-25,楽天キャッシュ,00:00,楽天キャッシュ,-1000
1791,2024-08-25,楽天キャッシュ,00:00,楽天キャッシュ,-3
1792,2024-08-25,楽天キャッシュ,00:00,楽天キャッシュ,-6
1795,2024-08-25,交通費,09:00,吉祥寺-渋谷,230
1796,2024-08-25,交通費,09:30,渋谷-横浜,309
1793,2024-08-25,食費,15:40,横浜,850
1798,2024-08-25,交通費,16:00,横浜-渋谷,309
1797,2024-08-25,交通費,16:30,渋谷-吉祥寺,230
1794,2024-08-25,食費,17:02,吉祥寺,738
2413,2024-08-26,投資,00:00,投資,10000
2415,2024-08-26,楽天キャッシュ,00:00,楽天キャッシュ,9
2416,2024-08-26,交通費,08:37,上石神井-高田馬場,220
2417,2024-08-26,交通費,09:00,高田馬場-有楽町,208
2418,2024-08-26,楽天キャッシュ,12:30,有楽町,1730
2419,2024-08-26,交通費,19:00,有楽町-高田馬場,208
2414,2024-08-26,交通費,19:30,高田馬場-上石神井,220
2420,2024-08-26,食費,20:11,上石神井,730
1828,2024-08-27,楽天キャッシュ,00:00,楽天キャッシュ,-1360
1827,2024-08-27,楽天キャッシュ,00:00,楽天キャッシュ,-17
1826,2024-08-27,プラス,00:00,プラス,-15
1822,2024-08-27,保険料,00:00,保険料,4971
1823,2024-08-27,年金保険,00:00,年金保険,55880
1824,2024-08-27,クレジット,00:00,クレジット,7670
1825,2024-08-27,クレジット,00:00,クレジット,185251
1829,2024-08-28,楽天キャッシュ,00:00,楽天キャッシュ,-13
1830,2024-08-28,楽天キャッシュ,00:00,楽天キャッシュ,17
1831,2024-08-29,プラス,00:00,プラス,-10000
1834,2024-08-29,交通費,08:37,上石神井-高田馬場,220
1836,2024-08-29,交通費,09:00,高田馬場-有楽町,208
1833,2024-08-29,食費,13:00,有楽町,600
1835,2024-08-29,交通費,19:00,有楽町-高田馬場,220
1837,2024-08-29,交通費,19:40,高田馬場-上石神井,208
1832,2024-08-29,食費,20:17,上石神井,987
1839,2024-08-30,楽天キャッシュ,00:00,楽天キャッシュ,-150
1838,2024-08-30,楽天キャッシュ,00:00,楽天キャッシュ,-76
1912,2024-08-31,楽天キャッシュ,00:00,楽天キャッシュ,76
1913,2024-08-31,食費,09:17,吉祥寺,882
1920,2024-08-31,交通費,09:30,吉祥寺-渋谷,230
1915,2024-08-31,交通費,10:00,渋谷-星川,637
1916,2024-08-31,雑費,12:00,Tシャツ,4000
1911,2024-08-31,お賽銭,13:50,天王町,10
1917,2024-08-31,交通費,14:10,天王町-横浜,157
1918,2024-08-31,交通費,14:40,横浜-渋谷,309
1919,2024-08-31,交通費,15:20,渋谷-吉祥寺,230
1914,2024-08-31,食費,15:43,吉祥寺,459
1921,2024-08-31,西友,20:00,楽天キャッシュ,9136
2421,2024-09-01,楽天キャッシュ,00:00,楽天キャッシュ,-8973
2422,2024-09-01,食費,08:43,吉祥寺,214
2423,2024-09-01,交通費,09:00,吉祥寺-渋谷,230
2424,2024-09-01,交通費,09:30,渋谷-横浜,309
2425,2024-09-01,楽天キャッシュ,14:50,横浜,345
2426,2024-09-01,交通費,15:00,横浜-渋谷,309
2427,2024-09-01,交通費,15:50,渋谷-吉祥寺,230
2428,2024-09-01,食費,16:20,吉祥寺,150
2540,2024-09-02,楽天キャッシュ,00:00,楽天キャッシュ,-1000
2541,2024-09-02,楽天キャッシュ,00:00,楽天キャッシュ,-4
2539,2024-09-02,遊興費,00:00,楽天キャッシュ,2000
2542,2024-09-02,楽天キャッシュ,00:00,楽天キャッシュ,-3
2538,2024-09-02,交通費,08:37,上石神井-高田馬場,220
2543,2024-09-02,交通費,09:00,高田馬場-有楽町,208
2544,2024-09-02,食費,12:00,有楽町,1490
2545,2024-09-02,交通費,19:00,有楽町-高田馬場,208
2546,2024-09-02,交通費,19:40,高田馬場-上石神井,220
2547,2024-09-02,食費,20:10,上石神井,741
1948,2024-09-03,楽天キャッシュ,00:00,楽天キャッシュ,-1
1947,2024-09-03,楽天キャッシュ,00:00,楽天キャッシュ,-1345
1946,2024-09-03,楽天キャッシュ,00:00,楽天キャッシュ,7
2430,2024-09-04,楽天キャッシュ,00:00,楽天キャッシュ,1
2429,2024-09-04,楽天キャッシュ,00:00,楽天キャッシュ,-255
2509,2024-09-05,楽天キャッシュ,00:00,楽天キャッシュ,-20
2514,2024-09-05,楽天キャッシュ,00:00,楽天キャッシュ,255
2506,2024-09-05,交通費,08:37,上石神井-高田馬場,220
2507,2024-09-05,交通費,09:00,高田馬場-新橋,208
2508,2024-09-05,お賽銭,09:40,烏森神社,10
2516,2024-09-05,食費,12:30,新橋,850
2510,2024-09-05,食費,13:00,新橋,151
2511,2024-09-05,交際費,21:00,新橋,5000
2512,2024-09-05,交通費,21:10,新橋-高田馬場,208
2513,2024-09-05,交通費,21:50,高田馬場-上石神井,220
2515,2024-09-05,楽天キャッシュ,22:30,上石神井,652
2518,2024-09-06,楽天キャッシュ,00:00,楽天キャッシュ,-6
2517,2024-09-06,楽天キャッシュ,00:00,楽天キャッシュ,-1000
2564,2024-09-07,楽天キャッシュ,00:00,楽天キャッシュ,6
2565,2024-09-07,雑費,10:08,吉祥寺,200
2566,2024-09-07,雑費,10:09,吉祥寺,100
2574,2024-09-07,雑費,10:11,吉祥寺,100
2575,2024-09-07,交通費,10:30,吉祥寺-渋谷,230
2569,2024-09-07,お賽銭,11:05,金王八幡宮,10
2577,2024-09-07,お賽銭,11:18,渋谷氷川神社,10
2571,2024-09-07,お賽銭,11:57,青山熊野神社,10
2573,2024-09-07,お賽銭,12:29,豊川稲荷東京別院,10
2572,2024-09-07,お賽銭,12:29,豊川稲荷東京別院,10
2567,2024-09-07,お賽銭,12:29,豊川稲荷東京別院,100
2568,2024-09-07,お賽銭,12:47,日枝神社,10
2576,2024-09-07,交通費,13:00,赤坂見附-荻窪,252
2570,2024-09-07,楽天キャッシュ,14:09,荻窪,935
2578,2024-09-07,交通費,14:20,荻窪-善福寺,230
2579,2024-09-07,食費,14:25,善福寺,854
2594,2024-09-08,楽天キャッシュ,00:00,楽天キャッシュ,-9
2595,2024-09-08,楽天キャッシュ,00:00,楽天キャッシュ,-77
2596,2024-09-08,楽天キャッシュ,00:00,楽天キャッシュ,-1000
2597,2024-09-08,食費,08:46,吉祥寺,214
2598,2024-09-08,交通費,09:00,吉祥寺-渋谷,230
2599,2024-09-08,交通費,09:30,渋谷-横浜,309
2600,2024-09-08,食費,14:40,横浜,900
2601,2024-09-08,交通費,15:00,横浜-新横浜,242
2602,2024-09-08,教育費,16:00,日産スタジアム,6000
2603,2024-09-08,交通費,18:00,新横浜-渋谷,358
2604,2024-09-08,交際費,18:00,日産スタジアム,1000
2605,2024-09-08,交通費,18:40,渋谷-吉祥寺,230
2606,2024-09-08,食費,19:20,吉祥寺,959
2607,2024-09-08,西友,20:30,楽天キャッシュ,8312
2622,2024-09-09,楽天キャッシュ,00:00,楽天キャッシュ,-7793
2615,2024-09-09,国民健康保険,08:30,上石神井,84690
2616,2024-09-09,交通費,08:37,上石神井-高田馬場,220
2617,2024-09-09,交通費,09:00,高田馬場-有楽町,208
2623,2024-09-09,楽天キャッシュ,12:00,有楽町,680
2618,2024-09-09,交通費,19:00,有楽町-高田馬場,208
2619,2024-09-09,交通費,19:40,高田馬場-上石神井,220
2620,2024-09-09,食費,20:16,上石神井,384
2621,2024-09-09,交際費,20:30,上石神井,5000